global_step,eval_loss,train_loss
2500,0.21864687596140295,0.167571023106575
5000,0.22097599173062726,0.1507573127746582
7500,0.2194783261080189,0.19734515249729156
10000,0.22354674145263592,0.2759063243865967
